code,system
G715.00,readv2
G714.11,readv2
G716000,readv2
G714.00,readv2
G713.00,readv2
G713.11,readv2
G716.00,readv2
G715000,readv2
I715,readv2
I713,readv2
I716,readv2
I714,readv2
I714,readv2
I713,readv2
I716,readv2
I715,readv2
G71z.00,readv2
G718.00,readv2
G714000,readv2
G71..00,readv2
G713000,readv2
L282,readv2
L272,readv2
7A11000,readv2
7A13400,readv2
7A13.00,readv2
7A13z00,readv2
7A13300,readv2
7A13y00,readv2
L193,readv2
L188,readv2
L184,readv2
L18,readv2
L183,readv2
L181,readv2
L199,readv2
L189,readv2
L195,readv2
L198,readv2
L192,readv2
L19,readv2
L182,readv2
L185,readv2
L194,readv2
L191,readv2
7A13411,readv2
7A11211,readv2
7A13.11,readv2
L208,readv2
L209,readv2
L20,readv2
7A11200,readv2
L286,readv2
L206,readv2
L276,readv2
L186,readv2
L196,readv2
I718,readv2
I719,readv2
L279,readv2
L278,readv2
I718,readv2
I719,readv2
4415,readv2
4419,readv2
L201,readv2
L204,readv2
L205,readv2
L203,readv2
L202,readv2
L254,readv2
L28,readv2
L288,readv2
L289,readv2
L281,readv2
L271,readv2
L274,readv2
L284,readv2
L285,readv2
L275,readv2
L27,readv2
L273,readv2
L283,readv2
4413,readv2
4417,readv2
4414,readv2
4416,readv2